{
  "_generated": "Generated by SweetTooth, do not edit",
  "description": "Modifies menu bar. Originally Unite by hardpixel",
  "donations": {
    "github": "jonian"
  },
  "gettext-domain": "unite",
  "name": "Unite",
  "settings-schema": "org.gnome.shell.extensions.unite",
  "shell-version": [
    "3.34",
    "3.32",
    "3.36",
    "3.38",
    "40",
    "41",
    "42",
    "43",
    "44"
  ],
  "url": "https://github.com/hardpixel/unite-shell",
  "uuid": "menu@chookpen.online",
  "version": 72
}
