{
  "_generated": "Generated by SweetTooth, do not edit",
  "description": "Hides parts of the GNOME shell. Originally Just Perfection by jrahmatzadeh",
  "donations": {
    "patreon": "justperfection"
  },
  "gettext-domain": "just-perfection",
  "name": "Redesign",
  "settings-schema": "org.gnome.shell.extensions.just-perfection",
  "shell-version": [
    "42",
    "43",
    "44"
  ],
  "url": "https://gitlab.gnome.org/jrahmatzadeh/just-perfection",
  "uuid": "redesign@chookpen.online",
  "version": 26
}
